content,time,title
"New Delhi, September 26,India's COVID-19 tally sprinted past 59 lakh with 85,362 fresh cases in a span of 24 hours, while over 48 lakh people have recovered from the disease so far, according to the Union Health Ministry's data updated on Saturday.,The total coronavirus cases rose to 59,03,932 with 85,362 infections being reported in a day, while the death toll reached 93,379 after 1,089 people succumbed to the disease in a span of 24 hours, the data updated at 8 am showed.,The total recoveries surged to 48,49,584 in the country, pushing the nation's recovery rate to 82.14 per cent.,The COVID-19 case fatality rate was recorded at 1.58 per cent.,There are 9,60,969 active cases in the country which comprises 16.28 per cent of the total caseload, the data stated.,India's COVID-19 tally had crossed the 20-lakh mark on August 7, 30 lakh on August 23, 40 lakh on September 5 and it went past 50 lakh on September 16.,According to the ICMR, a cumulative total of 7,02,69,975 samples have been tested up to September 25 with 13,41,535 samples being tested on Friday.,The new fatalities include 416 from Maharashtra, 86 from Karnataka, 84 from Uttar Pradesh, 72 from Tamil Nadu, 68 from Punjab, 59 from West Bengal, 48 from Andhra Pradesh, 30 from Madhya Pradesh, 25 from Chhattisgarh and 24 from Delhi.,Total 93,379 deaths reported so far in the country include 34,761 from Maharashtra, followed by 9,148 from Tamil Nadu, 8,417 from Karnataka, 5,606 from Andhra Pradesh, 5,450 from Uttar Pradesh, 5,147 from Delhi, 4,665 from West Bengal, 3,393 from Gujarat, 3,134 from Punjab and 2,152 from Madhya Pradesh.,The health ministry stressed that over 70 per cent of the deaths occurred due to comorbidities.,""Our figures are being reconciled with the Indian Council of Medical Research,"" the ministry said on its website, adding that state-wise distribution of figures is subject to further verification and reconciliation. PTI","Sep 26, 2020
                            ,10:24 AM (IST),4 hours ago                            ","India registers 85,362 new Covid infections in a day; single-day recoveries surpass fresh cases"
"Dubai, September 26,Young opener Prithvi Shaw, who starred in Delhi Capitals' victory over Chennai Super Kings, says his plan was to play along the ground and avoid ""silly mistakes"" after failing to make an impact in the first match.,Shaw was dismissed for five in DC's campaign opener against Kings XI Punjab but the 20-year-old made amends with a fluent 64 off 43 balls on Friday to lay the foundation of the team's 44-run victory against CSK.,""My plan was to play my natural game but play the shots along the ground, last game we saw there were some silly mistakes and it was not working for me or the team,"" Shaw told skipper Shreyas Iyer in a video posted on the IPL website.,Close friends and teammates in the IPL, but arch-rivals in the DC Team Room ğŸ˜‰,ğŸ™ï¸: , and , interview each other about , and battle for bragging rights ğŸ¤œğŸ»ğŸ¤›ğŸ»,ğŸ“¹ â¡ï¸ ,Shaw shared a 94-run opening stand with Shikhar Dhawan to guide DC to 175 for three against CSK. The duo started slowly, scoring just 36 runs in the first six overs but soon gained momentum.,""CSK has some good pace bowlers, I was able to time the ball and get some gaps. As the spinners came on, even if we are 40/0, it doesn't matter, I knew me and Shikhar Dhawan could pace our innings after the powerplay,"" he said.,His fifty and a disciplined effort by bowlers helped DC thrash CSK to register their second win of the tournament and climb top of the points table.,Iyer was delighted by his side's performance and said they needed to capitalise on the winning momentum.,""As a captain, it's a nice feeling, when you start by winning your first two matches, it helps in giving you confidence and now we need to capitalise on the momentum.,""As a team, we have been doing fantastic off late. The more matches we win, the easier it will be for us in this year's IPL,"" said Iyer.,Asked about the six-day quarantine before the tournament, Iyer said it was quite challenging.,""First six days were very challenging, I thought they would pass very quickly, but it felt like a month seriously. I had to entertain myself in the room as I was watching movies, chatting with my friends."" PTI","Sep 26, 2020
                            ,05:26 PM (IST),1 hour ago                            ",Plan was to play shots along the ground: Prithvi Shaw
"Dubai, September 26,Chennai Super Kings head coach Stephen Fleming has admitted that his side were â€œa little bit muddledâ€ at the moment and they need a clearer strategy going ahead after suffering two losses in three matches in the Indian Premier League.,Fleming also rued the missing of some key players that he said has affected the team combination.,â€œWell, weâ€™re a bit muddled at the moment. Weâ€™re missing some key players, and weâ€™re trying to find a balance that allows us to be competitive. Weâ€™re looking to develop a personality based on the wickets that weâ€™re facing,â€ Fleming said after CSK lost to Delhi Capitals by 44 runs on Friday.,â€œEach wicket has been completely different, and our batting is without Rayudu, (Suresh) Raina etc. Weâ€™re trying to find a way or a combination and how to use players. Weâ€™ve learned a massive amount over three days,â€ he added.,Three-time champion CSK could not get going during the run chase against DC, and when asked why Sam Curran or Ravindra Jadeja was not promoted up the batting order, Fleming said they had used the same tactic in the last couple of games.,â€œWe have almost got too many batting options at the moment, so thatâ€™s why I say we were a little bit muddled with what weâ€™re sending out, so we just need to be a little bit clearer with what weâ€™re doing, and perhaps what weâ€™re missing is a bigger contribution at the top,â€ he said.,â€œItâ€™s a lot of question marks and a lot of soul-searching from coaching point of view and strategy point of view, but weâ€™re trying to find combinations where we get the best players at right times. To keep shunting the order all over the place is not really our style, but weâ€™ve had a go at it and weâ€™ll review how itâ€™s gone.â€,Spin bowling has been traditionally CSKâ€™s strength but struggling at the moment, prompting Fleming to say it was an area of concern.,â€œYeah, itâ€™s an area of concern, because itâ€™s been such a strength for CSK, and youâ€™ve got to think that the style of play that weâ€™ve developed over the last 12 years is heavily based on spin. So what weâ€™re trying to do is find a different personality.,â€œSpin still plays a part, and weâ€™ve played on three different grounds, so each game has been different conditions. Weâ€™re struggling to adjust to find the pace and the style to bowl through the middle, and that, in the last two games in particular, has been an area where we havenâ€™t done so well. So from a strength to an area of concern, we need to rectify that.â€,Asked about the possible team combination in the upcoming matches, Fleming said, â€œAll bets are on the table at the moment as we try to find a way. We are looking forward to playing a number of games here (in Dubai), we were interested in how this pitch played, and get conditions right so we can get right combination.â€Â ,The former New Zealand captain said the dew factor was something that his side couldnâ€™t anticipate.,â€œWe did (consider batting first) but what we canâ€™t anticipate is the dew. We trained across the road the other day and it was soaking wet and it has a huge impact in second innings. Tonight, it was absolutely none so itâ€™s a little bit of hit and miss at the moment,â€ he said.,â€œThe last game we played in Sharjah was one of the wetter surfaces weâ€™ve been involved in. Weâ€™re guessing a little bit around conditions. We are the guinea pigs in terms of playing first games on two venues.â€ Â Â Â Â Â Â Â Â  Â ,CSKâ€™s next match is against Sunrisers Hyderabad on October 2. â€” PTI","Sep 26, 2020
                            ,06:07 PM (IST),32 mins ago                            ",We are â€˜little bit muddledâ€™ at the moment: CSK coach Fleming after second defeat
"Royal Challengers Bangalore captain Virat Kohli took the blame for his teamâ€™s 97-run thrashing by Kings XI Punjab in the Indian Premier League here. Kohli took the blame for dropping Kings XI Punjab skipper KL Rahul twice, which contributed significantly to their defeat on Thursday.,Kohli felt had he not dropped Rahul, who remained unbeaten on 132, KXIP would not have been able to go past the 200-run mark. â€œI have to stand in front and take the brunt of it,â€ Kohli said. â€œNot the best day in office, couple of important chances of KL when he was set and that cost us 35-40 runs at a later stage. Maybe if we restricted them to 180 we wouldnâ€™t have been under pressure from ball one of the chase,â€ he added.,KXIP posted 206/3 and RCB were bundled out for 109 in 17 overs. â€œWe know exactly where we went wrong and I have to put my hand up and say a couple of important chances went down,â€ Kohli said. â€œThere are days when these kinds of things happen on the cricket field and we have to accept them. We have had a good game (against Sunrisers Hyderabad), we have had a bad game and now it is time to move on and learn from the mistakes we made,â€ he added.,KXIP skipper Rahul said he was lacking in confidence heading into the teamâ€™s second IPL fixture. â€œI have actually been not so confident,â€ Rahul said. â€œI had a chat with Maxi (Glenn Maxwell). He said â€˜how are you feelingâ€™. I said â€˜I am not feeling completely in control of my battingâ€™. He said â€˜you must be joking, you are hitting really wellâ€™,â€ he added.,â€œQuite honestly I was nervous but I knew if I spend time in the middle, hit a few balls from the middle of the bat, it will all settle down,â€ Rahul said. â€” PTI","Sep 26, 2020
                            ,07:16 AM (IST),7 hours ago                            ",Skipperâ€™s bad day in office
"Dubai, September 25,Delhi Capitals beat Chennai Super Kings by 44 runs to register their second consecutive win in the Indian Premier League here on Friday.,Sent into bat, DC made 175 for three and then restricted CSK to 131 for seven to keep their winning run intact.,Brief Scores: Delhi Capitals 175/3 in 20 overs (Prithvi Shaw 64 off 43 balls, Shikhar Dhawan 35 off 27 balls, Rishabh Pant 37 off 25 balls, Piyush Chawla 2/33).,Chennai Super Kings: 131 for seven in 20 overs (Faf du Plessis 43 off 35, Kedar Jadhav 26 off 21; Kagiso Rabada 3/26, Anrich Nortje 2/21). PTI","Sep 25, 2020
                            ,07:33 PM (IST),19 hours ago                            ","Delhi Capitals beat CSK by 44 runs, record second consecutive win in IPL"
"Sunil Gavaskar today said he did not blame Virat Kohliâ€™s wife Anushka Sharma for Kohliâ€™s failures as a batsman, adding that his remarks made during an IPL match were being â€œmisinterpretedâ€.,Yesterday Kohli had a bad day in Royal Challengers Bangaloreâ€™s loss to Kings XI Punjab as he dropped KL Rahul twice and then scored only one run off five balls.,When Kohli was batting, Gavaskar said: â€œHe knows that the more he practises the better he will be. And during the lockdown, he has only practised against the bowling of Anushka as seen in that video. That is not going to be enough.â€ Anushka was upset by the comment, saying it was â€œdistastefulâ€.,Gavaskar today said his comments were in reference to a video clip which showed Kohli and Anushka playing tennis ball cricket in their compound. â€œIâ€™m not blaming her. I am only saying that the video showed she was bowling to Virat. Virat has only played that much bowling in this lockdown period,â€ Gavaskar said. â€œIt is tennis ball fun game that people have to pass time during the lockdown, so thatâ€™s all... So where am I blaming her for Viratâ€™s failures?â€,Gavaskar said he has never been sexist. â€œIâ€™m the one who has always batted for wives going with husbands on tours. I am the one who has always said that like a normal guy going to office for a 9-5 job, when he comes back home, he comes back to his wife, similarly why canâ€™t cricketers haveÂ their wives with them?â€ he said. â€” TNS, agencies","Sep 26, 2020
                            ,07:20 AM (IST),10 hours ago                            ",I didnâ€™t blame Anushka for Viratâ€™s failures: Gavaskar
"Putting up a stout defence, iconic Sunil Gavaskar on Friday said neither he blamed Virat Kohliâ€™s actor-wife Anushka Sharma for India captainâ€™s failure nor he made any sexist remarks during an IPL match and his comments were being misinterpreted.,Kohli had a bad day in office on Thursday when he led Royal Challengers Bangalore against Kings XI Punjab. He dropped two catches of rival skipper KL Rahul and managed only a run off five balls in RCBâ€™s chase.,While Kohli was still at crease, Gavaskar said India captain is keen to improve and he knows that he can do so only by practicing more and more. He then added that during the lockdown Kohli faced only Anushkaâ€™s bowling and it is showing that it did not help much.,Gavaskar was speaking in Hindi when he made the comment.,However, the comment did not go down well with Kohli and Anushkaâ€™s fans and some even demanded his sacking from Star Sports commentary panel, lashing out at him on social media.,Reacting to it, Anushka also issued a statement on her Instagram page and said that Gavaskarâ€™s message was â€œdistastefulâ€.,Gavaskar though said his comments were not understood in right context.,The remark according to Gavaskar was in reference to a video clip where Kohli and Anushka were seen enjoying some tennis ball cricket in their compound.,â€œFirstly, I would like to say, where am I blaming her, Iâ€™m not blaming her. I am only saying that the video showed she was bowling to Virat. Virat has only played that much bowling in this lockdown period,â€ Gavaskar told India Today channel.,â€œIt is tennis ball fun game that people have to pass time during the lockdown, so thatâ€™s all, so where am I blaming her for Viratâ€™s failures.â€ Â Â Â Â Â Â Â Â Â Â Â Â Â Â  Â ,Gavaskar also rubbished allegations on social media that he made a â€œsexist commentâ€.,â€œIâ€™m the one who has always batted for wives going with husbands on tours. I am the one who has always said that like a normal guy going to office for a 9-5 job, when he comes back home, he comes back to his wife, similarly why canâ€™t cricketers have their wives with them,â€ Gavaskar said.,He also tried to explain his comment.,â€œAs you can hear from the commentary, Aakash was talking about the fact there has been very little chance for any proper practice in the lockdown, for everybody...,â€œ.....that has actually shown in rustiness of some of the players in their first matches. Rohit (Sharma) didnâ€™t strike the ball well, now in the second match he has got runs, MSD (Mahendra Singh Dhoni) didnâ€™t strike the ball well in the first match.â€Â Â Â ,He then also explained what exactly he said.Â Â Â Â Â Â Â  Â  Â Â Â Â Â  Â ,â€œ.....Anushka was bowling to him, so thatâ€™s what I said, thatâ€™s the only bowling, I have not used any other word. She was bowling to him, thatâ€™s all, where am I blaming her, where I am being sexist in this.â€ Â Â Â Â Â Â Â  Â ,â€œIâ€™m just only stating what was seen on the video which was maybe recorded by somebody in the neighbouring buildings and put up and thatâ€™s the only thing Iâ€™m doing, but the point Iâ€™m making trying to make is that there was no practice for anybody including Virat in the lockdown.,Â â€œ...I have not been sexist, if somebody has interpreted it, what can I do,â€ Gavaskar said. PTI","Sep 25, 2020
                            ,06:35 PM (IST),24 hours ago                            ",I never blamed Anushka nor made sexist comment: Sunil Gavaskar
"Chennai Super Kings captain Mahendra Singh Dhoni is not happy with the performance of both his batting and bowling units after his side suffered their second consecutive loss in the Indian Premier League.,After CSKâ€™s 44-run defeat at the hands of Delhi Capitals here on Friday, Dhoni said his batting unit was lacking â€œa bit of steamâ€ while the spinners were â€œyet to come to the partyâ€.,It was CSKâ€™s third match and second defeat after beating defending champions Mumbai Indians in the tournament opener.,â€œI donâ€™t think it was a good game for us. There was no dew, but the wicket did slow down. We are lacking a bit of steam in the batting and that hurts. The run rate keeps on mounting after such slow starts and adds pressure, we need to figure that out,â€ Dhoni said after the match against DC.,â€œWe need to come back with a clearer picture, looking at the combination. Maybe, the team balance will get better once Rayudu comes back in the next game.â€ Â Â Â Â Â Â Â Â Â Â Â Â Â Â Â ,Dhoni was referring to Ambati Rayudu who struck a brilliant 48-ball 71 in CSKâ€™s five-wicket win over MI in the tournament opener before suffering a hamstring injury.,The CSK captain expressed hope that Rayudu will be available in their next game, which according to him will provide the much-needed balance to the side.,â€œThat will give us the room to experiment with an extra bowler perhaps. There are quite a few things we can think about. We are one batter extra to start off, so the players need to step up.â€ Â Â Â  Â ,Dhoni also asked his bowlers to pull up their socks after two ordinary outings.,â€œWe need to get better with our lengths, lines and pace. I think the spinners have not come to the party yet. We are bowling good deliveries, but we are giving away the boundary deliveries bit too often,â€ he said.,Barring some fielding lapses, Delhi Capitals captain Shreyas Iyer is happy with the performance of his side so far.,â€œI am really happy with the performance. I would give them the benefit of doubt, is tough to catch in these conditions. You misjudge the ball, really donâ€™t know how to pace yourself,â€ he said.,â€œIn the team meeting we decided that we are going to assess the batting conditions early and then play accordingly. The way the openers started gave us a lot of confidence and the finish was good too. I am lucky to have KG (Kagiso Rabada) and Nortje in the team. Itâ€™s important to stick together as a team and we need to enjoy each otherâ€™s success.â€ PTI","Sep 26, 2020
                            ,10:00 AM (IST),9 hours ago                            ",Dhoni says CSK not doing well both in batting and bowling
"Abu Dhabi, September 25,Skipper Dinesh Karthikâ€™s tactical nous will once again be put to test when Kolkata Knight Riders take on a depleted Sunrisers Hyderabad in their second IPL fixture here on Saturday.,Much was expected from a revamped Kolkata Knight Riders set-up but it seemed Karthik did not learn from his past mistakes and made some inexplicable decisions that led to their complete capitulation against Mumbai Indians.,Once again, the batting position of their biggest hitter Andre Russell became the talking point in their 49-run loss to Mumbai Indians.,The Jamaican, who was their highest run-getter last season with 510 runs from 249 deliveries and the tournamentâ€™s highest strike rate of 204.81, was seen at No 6 but by then the task had become extremely difficult.,World Cup winning captain Eoin Morgan, who was roped in to bolster the wobbly middle order, also could not do much as the asking rate had shot past 13 by the time he came to bat at No 5.,In bowling too, there was a tactical blunder by holding back their ace spinner Sunil Narine till the last over of power play.,On a day, their biggest buy Pat Cummins failed miserably, Narine was given a go only when his IPL â€˜bunnyâ€™ Rohit Sharma was well set.,It really defied logic to see such a defensive strategy by a team now coached by Kiwi great Brendon Mccullum who is known for his aggressive mindset.,Known to put up a balanced side on the park, Hyderabad lacked strength and experience in their middle-order, failing miserably against Royal Challengers Bangalore.,Needing just 43 runs from last five overs, SRH lost their last seven wickets for 32 runs to lose the game by 10 runs.,If that was not enough, injury to their all-rounder Mitchell Marsh has compounded their misery.,Skipper David Warner, after being run out in an unfortunate manner at the non-strikerâ€™s end, will be keen to get into the act, while it remains to be seen whether Kane Williamson has recovered from his injury to bolster the batting department.,SRH bowling has always been impressive and it seems the think tank may bring in Mohammed Nabi to bowl alongside his fellow mate Rashid Khan while Bhuvneshwar Kumar will spearhead the pace attack., Dinesh Karthik (captain & wicketkeeper), Andre Russell, Kamlesh Nagarkoti, Kuldeep Yadav, Lockie Ferguson, Nitish Rana, Prasidh Krishna, Rinku Singh, Sandeep Warrier, Shivam Mavi, Shubman Gill, Siddhesh Lad, Sunil Narine, Pat Cummins, Eoin Morgan, Varun Chakravarthy, Tom Banton (Wicketkeeper), Rahul Tripathi, Chris Green, M Siddharth, Nikhil Naik (Wicketkeeper), Ali Khan., David Warner (Captain), Jonny Bairstow (Wicketkeeper), Kane Williamson, Bhuvneshwar Kumar, Mohammad Nabi, Rashid Khan, Manish Pandey, Virat Singh, Shahbaz Nadeem, Mitchell Marsh, Fabian Allen, Vijay Shankar, Sanjay Yadav, Wriddhiman Saha (Wicketkeeper), Shreevats Goswami (Wicketkeeper), Bavanaka Sandeep, Basil Thampi, Priyam Garg, Abdul Samad, Khaleel Ahmed, Sandeep Sharma, Siddarth Kaul, Billy Stanlake, T Natarajan, Abhishek Sharma. PTI","Sep 25, 2020
                            ,02:15 PM (IST),1 day ago                            ",Karthik captaincy in focus as KKR face Sunrisers
"Ramesh Batlish,Students are eagerly awaiting the JEE Advanced Exams scheduled for September 27, 2020 to be organised by IIT Delhi. The time duration allotted to each paper remains 3 hours.,As per the exam pattern of JEE Advanced 2020, the examination will be a computer-based test. There are questions of multiple-choice type with either a single correct answer or multi correct answers. There could be comprehensions followed by two or more objective type questions with single or multi correct answers.,The matrix-match type questions may involve matching two columns or even three columns.,The Integer type questions involve a subjective type question with the answer an integer or could be asked correct to two decimal places. Students are advised to be careful as the paper has negative marking.,The strategy during the exam should be built with effective time management and subject-wise planning.,Keep the following points in mind as you take one of the toughest engineering entrance tests.,1. Do sleep for 6 to 7 hours in the night a day before the exam.,2.,3. Remember to read all the instructions on question paper carefully.,4. Solve the paper in two rounds. In the first round, start with the subject in order of your comfort level to maximize attempted questions with not more than 45 minutes on each subject.,5. Use the last 45 minutes to solve remaining questions in the second attempt and for revision.,6. Do not spend more than a minute on any question if you find that you are not nearing a solution. Go to the next question.,7.Â  Do not guess if you are not sure in a question with negative marks assigned to it.,8. You must attempt all questions which do not carry negative marks.,9. Remember it is the relative performance that counts, so believe in yourself and give your best shot and you will ace JEE Advanced 2020.,Â All the best !!!,The writer is FIITJEE Expert","Sep 26, 2020
                            ,03:26 PM (IST),3 hours ago                            ",Last Minute Tips for JEE Advanced 2020
"""The ability to decontaminate several of these masks while doctors are having a coffee break will lessen the chance that masks contaminated with Covid viruses would expose other patients,"" said study author Steven Chu from the Stanford University in the US.,According to the study, published in the journal ACS Nano, facing a shortage of the masks early this year, researchers considered a number of ways to disinfect them for reuse, including ultraviolet light, hydrogen peroxide vapours, autoclaves and chemical disinfectants.,The problem is that many of these methods degrade the N95 masks' filtering abilities so that at most they could be reused a few times.,In the new study, the research team focused their attention on a combination of heat and humidity to try to decontaminate masks.,The team first mixed up batches of SARS-CoV-2 virus in liquids designed to mimic the fluids that might spray out of our mouths when we cough, sneeze, sing or simply breathe.,They next sprayed droplets of the brew on a piece of melt-blown fabric, a material used in most N95 masks, and let it dry.,Finally, they heated their samples at temperatures ranging from 25 to 95 degrees Celsius for up to 30 minutes with relative humidity up to 100 per cent.,Higher humidity and heat substantially reduced the amount of virus the team could detect on the mask, although they had to be careful not to go too hot, which additional tests revealed could lower the material's ability to filter out virus-carrying droplets.,The sweet spot appeared to be 85 degrees Celsius with 100 per cent relative humidity - the team could find no trace of SARS-CoV-2 after cooking the masks under those conditions.,Additional results indicate masks could be decontaminated and reused upwards of 20 times and that the process works on at least two other viruses.,Researchers have known for a long time that heat and humidity are good ways to inactivate viruses - there hadn't been an urgent need for a detailed quantitative analysis of something like mask decontamination until now.,""The new data provide some quantitative guidance for the future,"" Chu noted. IANS","Sep 26, 2020
                            ,04:13 PM (IST),2 hours ago                            ",This new technique can help disinfect N95 masks
"Bogota, September 26,Fossils of a mastodon, a giant prehistoric relative of todayâ€™s elephants, have been discovered at an artisanal gold mine in central Colombia in a find which researchers say could herald a trove of similar specimens.,Gold miners working a tunnel near the town of Quinchia, in Risaralda province, came across what they soon realised were bones on Tuesday.,The discovery is the first of its kind in the province but mastodon remains have also been found in Cundinamarca and Valle del Cauca provinces, as well as along Colombiaâ€™s Atlantic coast, said Carlos Lopez, an anthropologist at a university in Risaraldaâ€™s capital Pereira.,Â â€œThese animals attract attention due to their large size - a giant bone doesnâ€™t go unnoticed,â€ Lopez said. â€œIt really takes us in a time machine ... to think about what they were like and how they lived, and if humans lived alongside them.â€,Experts study the mastodon remains and remove those still inside the mine, where a complete tusk measuring 1 meter 10 centimeters (3.5 feet) long can still be seen.,â€œThey sent us some photos, which we sent to expert anthropologists in the area and they determined they belonged to megafauna ... that died out between 2 million and 10,000 years ago,â€ said Julio Gomez, director of the regional environmental authority for Risaralda.,Â The discovery could herald similar finds in the region.,â€œMore (remains) could be found,â€ Lopez said. â€œThese animals lived in herds, they didnâ€™t live alone, a little like the herds of elephants we see in Africa today.â€ Reuters","Sep 26, 2020
                            ,03:05 PM (IST),4 hours ago                            ",Colombian miners strike fossilized gold: a mastodon
"New Delhi, September 26,""Baahubali"" series author Anand Neelakantan has written his debut book in the children's space which tells some of the most hilarious stories about child asuras and their antics.,Puffin has published ""The Very, Extremely, Most Naughty Asura Tales for Kids"", which has full-colour illustrations accompanying the narrative.,Among the stories are those of asura twins Kundakka and Mandakka, who hate going to school; clumsy Bhasma and pet pig Nakura, who create trouble in the village; brothers Atapi and Vatapi, who like to eat 96 cartfuls of fruits as dessert; and the great Bana who claps with his thousand hands.,The stories are interspersed with funny songs and poems making the book a read-aloud as well as a bedtime companion, the publishers said.,Neelakantan says he found that most children are addicted to their electronic devices and if at all they read, they are fond of books coming from the west.,""Some of them are great stories and beautifully written, but they alienate kids from our stories and culture. We have one of the oldest storytelling traditions in the world, and it is unfortunate that our kids grow up without getting familiar with them.""Â ,When he asked some children why they don't find Indian stories cool, they told him that these were ""boring with a heavy dose of morality"". So, he decided to bring back the fun and entertainment in storytelling.,""Traditional Indian folk arts are meant for entertainment. It is never preachy or judgmental. Making asuras dark and evil is a recent phenomenon. There is a fascinating world out there that has so many wonderful fantasy elements in our stories,"" Neelakantan says.,""This book is a small window to that world. This is an introduction to the marvellous world of Indian Puranas,"" he adds.,Neelakantan says he is often mistaken for an asura, for he too has curly hair. He had enough of the pranks of little asuras who irritated him in his sleep and so, he decided to give it back to them in this book.,He has authored books like ""The Rise of Sivagami"" (""Baahubali: Before the Beginning"", Book 1); ""Asura: Tale of the Vanquished""; ""Ajaya: Roll of the Dice""; ""Ajaya: Rise of Kali""; ""Vanara: The Legend of Baali, Sugreeva and Tara""; and, most recently, ""Chaturanga"" (""Baahubali: Before the Beginning"", Book 2). PTI","Sep 26, 2020
                            ,04:05 PM (IST),3 hours ago                            ",Anand Neelakantan pens debut kids' book
"Reliance Group chairman Anil Ambani has told a UK court that suggestions of his lavish tastes are speculative because his lifestyle is ""very disciplined"" as he gave evidence in a dispute involving a loan agreement with three Chinese banks.,The 61-year-old former billionaire appeared via video link from Mumbai before the High Court on Friday for compulsory cross-examination in aid of an asset disclosure order obtained by the Industrial and Commercial Bank of China Ltd Mumbai Branch, China Development Bank and Exim Bank of China.,The order required Ambani to give full disclosure of all of his assets worldwide exceeding USD 100,000.,""My needs are not vast and my lifestyle is very disciplined,"" Ambani told the London court.,Asked about his fleet of luxury cars and other references to his lavish lifestyle as the counsel for the banks cross-examined him, the Reliance Communications chief dismissed them as ""speculative"" media stories.,""Mr Anil Ambani has always been a simple man of simple tastes, contrary to exaggerated perceptions of his flamboyance and lavish lifestyle,"" said a spokesperson for Anil Ambani.,""He is devoted to his family and company, an avid marathon runner, and deeply spiritual. He is also a lifelong vegetarian, teetotaller and non-smoker who would much rather watch a movie at home with his kids than go out on the town. Reports that suggest otherwise are completely misleading,"" the spokesperson said.,The dispute revolves around an alleged breach of a personal guarantee on a company debt refinancing loan of around USD 925 million dating back to February 2012.,Ambani denies providing authority for any such guarantee, resulting in the High Court action in the UK â€“ the jurisdiction agreed upon as part of the terms of the loan agreement.,In May, the Commercial Division of the High Court of England and Wales in London had ruled that the personal guarantee was binding on Ambani and directed him to pay early USD 717 million to the three Chinese banks.,""The banks will use the information from the cross-examination to pursue all available legal avenues to protect their rights and recover the outstanding loans owed to them,â€ the banks said in a statement this week.,At a hearing in the case earlier in the year, a UK judge had ruled that he did not accept Ambani's defence that his net worth was nearly zero or that his family would not step in to assist him when ""push came to shove"". ","Sep 26, 2020
                            ,03:40 PM (IST),3 hours ago                            ","Anil Ambani discloses worldwide assets; tells UK court that he 'leads disciplined, not lavish lifestyle'"
"Punjabi singer and actor Diljit Dosanjh has been supporting the countrywide farmers' protest on all social media platforms.Â ,However, the singer was trolled by a few users, who claimed, that the farmers were on the streets for their ""political reason"".Â Â ,Furious Diljit told the trolls to have ""some shame"".,The singer added, that not everything is about politics.Â Â ,â€œYes, entire Punjab has taken to streets for the sake of politics. Please use your brains, not everything is about politics. Have some shame and stop it,â€ read the singer's tweet.,Haan Sara Punjab Jehda Sadkan Te aa Oh Rajneeti di Tyari Hee kar riha ..? ,Hadd aa sali akal nu hath pair maar Lao Koi.. har gal ch Rajneeti .. Oye Bas karo Oye Sharm kar Lao Thodi .. ,Replying to another tweet he wrote: â€œPutt Rajneeti ton Utey uth... Gal Kisaan Di aa .. Har gal ch Rajneeti Na Ley ke aoo (Son, rise above the politics. This is about the farmer, donâ€™t bring politics into everything)â€.Â ,Both the original tweets have now been deleted.,On Thursday, Diljit had shared a post in support of the farmers on Instagram.Â ,â€œ25 September. We all will stand with the farmer community. Every single person of all age groups from Punjab is standing with the farmers. Everyone who is defending the bill, at least try to talk to the farmers. Punjabi language has been eradicated from Government languages in Jammu and Kashmir. What is happening?â€ Diljit wrote on Instagram.,A post shared by , (@diljitdosanjh) on ","Sep 26, 2020
                            ,04:06 PM (IST),2 hours ago                            ",Diljit Dosanjh asks trolls to have 'some shame' on farm bills post: 'Punjab has taken to streets for politics?'
"Bollywood actors Shraddha Kapoor and Sara Ali Khan left the Narcotics Control Bureau (NCB) office here on Saturday evening after recording statements in the drugs probe linked to the Sushant Singh Rajput death case.,The two were questioned at the NCB's zonal office at Ballard Estate in South Mumbai. Earlier, actor Deepika Padukone who was questioned by the NCB at a guest house in south Mumbai also left after recording her statement.,Shraddha Kapoor reached the NCB office around 12 pm and Sara Ali Khan reached an hour later, an NCB official said.,Sara's statement was recorded for around four and half hours. She left the NCB office around 5.30 pm. Shraddha left around 5.55 pm, after nearly six hours, the official said.,Both had worked with Sushant Singh Rajput in movies.,Deepika Padukone was also questioned by the NCB on Saturday, but at a different venue. Padukone was confronted with her manager Karishma Prakash during questioning, sources said.,Padukone, who reached a guest house in Colaba in south Mumbaiâ€”from where an NCB team is operatingâ€”around 9.50 am, left around 3.50 pm. Prakash was also allowed to go home around 3.40 pm, NCB sources said.,The agency has arrested actor Rhea Chakraborty, her brother Showik and some suspected drug peddlers in the case.,Rajput (34) was found hanging in his apartment in suburban Bandra on June 14.,Meanwhile, Deputy Commissioner of Police (Zone-I) Sangramsingh Nishandar requested media persons not to chase the vehicles of actors who are appearing before the NCB, saying it can put their own lives as well those of others on the road in danger.,If any vehicle is found chasing the actors' vehicles, it will be seized and stern action will be taken against the driver, he said. ","Sep 26, 2020
                            ,09:49 AM (IST),3 mins ago                            ","NCB grills Deepika Padukone for five hours; Shraddha Kapoor, Sara Ali Khan leave office"
"Sharjah, September 26,Sanju Samson will like to continue his dream form while the presence of Jos Buttler puts Rajasthan Royals on even keel with Kings XI Punjab in an IPL game which promises to be yet another six-hitting contest.,Coming into the match after morale-boosting victories, both KXIP and the Royals would look to build a winning momentum after starting the tournament as underdogs.,Buttler, who missed the first match due to quarantine rules as he reached the UAE separately with his family, is expected to open alongside Yashashvi Jaiswal while Steve Smith will take David Miller's position in the batting order. Tom Curran and Jofra Archer will complete the four-player overseas quota.,""I am really excited to play my first game. It was great to be back in training with the boys, there's a great vibe around the team so I'm really looking forward to taking the field,"" Buttler said on the eve of the match.,""The atmosphere and energy around the squad is fantastic, obviously lots of confidence after that first game. The training has been very energetic, guys are lively and enjoying each other's company. So expecting a really tough match against Kings XI,"" Buttler said after a net session at Sharjah ground.,KL Rahul, touted as a future India captaincy material, plundered a record 132 not out of just 69 balls in Dubai to lead KXIP to a resounding 97-run win over Royal Challengers Bangalore. The 28-year-old notched up the highest score by an Indian in IPL history and he would like to continue in the same vein.,""KL Rahul was in exceptional form the other night against RCB, so he will be a key wicket as always and I think we'll see another potentially high-scoring game at Sharjah with small boundaries and the dew factor coming in,"" said the Butler.,The young Samson, on the other hand, made a mincemeat of the Chennai Super Kings bowlers, hitting nine sixes in his 32-ball 74 before Jofra Archer joined the party in the final over of the match here on Tuesday.,The Royals captain Smith also chipped in with a 47-ball 69 while playing his first match after concussion related issues in the United Kingdom.,""Great to get a win on the board, the team played fantastically well in the first game. It was an outstanding batting performance and a fantastic bowling performance in tough bowling conditions,"" Buttler said, praising his colleagues.,For KXIP, Australian all-rounder Glenn Maxwell would look to make amends for his low score (5) in the earlier match against RCB.,In the bowling department, Mohammed Shami and West Indian Sheldon Cottrell led the pace-bowling department quite well for KXIP while the likes of leg-spinners Ravi Bishnoi and Murugan Ashwin grabbed three wickets apiece against RCB.,The Royals managed to defend their 216 run target with Archer bowling brilliantly at the death and leg spinner Rahul Tewatia (3/37 in 4 overs) inflicting top order damage.,The sore point was yet another poor show from Jaydev Unadkat, who has never been able to raise his IPL game save one odd season with Rising Pune Supergiants.,It will be interesting if Smith and Andrew McDonald decide to try out rookie Kartik Tyagi or seasoned Varun Aaron in Unadkat's place keeping his lack of pace and short boundaries in mind.,Squads,Kings XI Punjab: KL Rahul (C), Mayank Agarwal, Sheldon Cottrell, Chris Gayle, Glenn Maxwell, Mohammed Shami, Mujeeb Ur Rahman, Karun Nair, James Neesham, Nicholas Pooran (WK), Ishan Porel, Arshdeep Singh, Murugan Ashwin, Krishnappa Gowtham, Harpreet Brar, Deepak Hooda, Chris Jordan, Sarfaraz Khan, Mandeep Singh, Darshan Nalkande, Ravi Bishnoi, Simran Singh (WK), Jagadeesha Suchith, Tajinder Singh, Hardus Viljoen.,Rajasthan Royals: Steve Smith (C), Jos Buttler (WK), Robin Uthappa, Sanju Samson (WK), Ben Stokes, Jofra Archer, Yashasvi Jaiswal, Manan Vohra, Kartik Tyagi, Akash Singh, Oshane Thomas, Andrew Tye, David Miller, Tom Curran, Aniruddha Joshi, Shreyas Gopal, Riyan Parag, Varun Aaron, Shashank Singh, Anuj Rawat, Mahipal Lomror, Mayank Markande.,Match Starts at 7:30 pm IST on Sunday. PTI","Sep 26, 2020
                            ,05:09 PM (IST),2 hours ago                            ",IPL: Jos Buttler back in Royals XI for KXIP showdown
"Adar Poonawalla, CEO and owner, Serum Institute of India, on Saturday in a tweet asked the Ministry of Health and Family Welfare how the Government of India planned to procure Rs 80,000 crore to distribute COVID-19 vaccine to everyone in India.,â€œQuick question; will the government of India have 80,000 crores available over the next one year? Because thatâ€™s what @MoHFW_INDIA needs to buy and distribute the vaccine to everyone in India. This is the next concerning challenge we need to tackle,â€ he wrote in a tweet.,Quick question; will the government of India have 80,000 crores available, over the next one year? Because that's what , needs, to buy and distribute the vaccine to everyone in India. This is the next concerning challenge we need to tackle. ,â€œI ask this question, because we need to plan and guide vaccine manufacturers both in India and overseas to service the needs of our country in terms of procurement and distribution,â€ he wrote in another tweet.,I ask this question, because we need to plan and guide, vaccine manufacturers both in India and overseas to service the needs of our country in terms of procurement and distribution.,Serum Institute is currently conducting a phase 3 clinical trial of a vaccine co-developed by AstraZeneca and University of Oxford, of which the Pune-based company plans to manufacture one billion doses.,The company is in pact to produce another billion doses of a vaccine developed by Novavax, for which Poonawalla's firm will start phase 3 trials next month.","Sep 26, 2020
                            ,06:28 PM (IST),12 mins ago                            ","Govt may need Rs 80,000 cr for COVID-19 vaccine in next 1 year: Adar Poonawalla"
"The World Health Organization (WHO) warned that the global coronavirus death toll could hit two million before an effective vaccine is widely used.,WHO emergencies head Mike Ryan on Friday said the figure could be even higher without concerted international action, the BBC reported.,The number of Covid-19 deaths is fast approaching one million - nine months after the outbreak started in China.,Ryan also urged Europeans to ask themselves whether they had done enough to avoid the need for lockdowns.,He questioned whether all the alternatives had been implemented, like testing and tracing, quarantine, isolation, social distancing, wearing masks and hand-washing.,Earlier, Spain's capital Madrid brought another eight districts under tougher coronavirus restrictions, which now affect a million people in the city.,In France, staff from bars and restaurants in the southern city Marseille protested against the closure of their workplaces which was brought in on Saturday.,And in the UK, tougher restrictions were announced in several regions as new daily infections rise.","Sep 26, 2020
                            ,11:41 AM (IST),4 hours ago                            ","Before vaccine comes, global death toll may hit 2 million: WHO"
"Four Delhi policemen, including two sub-inspectors, have been suspended for allegedly taking a bribe from a drug peddler to let him off the hook and selling the nearly 160 kg marijuana seized from him in the black market, officials said Friday.,An inquiry is underway to ascertain the actual quantity of marijuana seized from the peddler, identified as Anil, during a raid at a house in northwest Delhi on September 11.,The four policemen from Jahangirpuri police station reported the seized quantity of marijuana as nearly 1 kg and sold the remaining psychoactive drug, they said.,Anil, who had procured the marijuana from Odisha, was arrested during the raid but allowed to go scot-free after he paid a bribe to policemen, a police official said.,When the matter came to light, Anil was questioned, and he disclosed the names of the policemen involved in the raid, the official said.,Vijayanta Arya, the deputy commissioner of police (northwest), said the inquiry is being conducted by the ACP (Operations) and the two sub-inspectors and the two head constables have been placed under suspension. ","Sep 26, 2020
                            ,06:34 PM (IST),5 mins ago                            ",Delhi cops confiscate 160 kg marijuana but only report 1 kg while selling off the rest
"Tribune News Service,Mohali, September 26,Mohali district witnessed six deaths till Friday night taking the toll to 179.,The district also witnessed 237 fresh cases of coronavirus taking the tally to 9,368.,As many as 326 patients were cured and discharged.,Civil Surgeon Dr Manjit Singh said among the deceased is a 70-year-old woman from Lalru. She was admitted to GMCH, Patiala. The second death was reported from Banur as a 50-year-old man, who was also suffering from heart disease, died at the PGI, Chandigarh. The third death was reported from Isapur village as a 65-year-old woman died at Indus Hospital. The fourth death was reported from Mubarakpur as a 57-year-old man died at the PGI. A 61-year-old woman from Kharar also died at the PGI. The sixth death was reported from Nayagaon as a 59-year-old man died at the PGI.,The Civil Surgeon said 77 cases were reported from Mohali (Urban), 46 from Kharar, 40 from Gharuan, 37 from Dhakoli, 19 from Dera Bassi, four from Banur, three from Bhootgarh, six from Kurali and five from Lalru.,Meanwhile, 326Â patients had been cured and were discharged from various hospitals in the district.,As of now, there have been a total 9,368 corona positive cases in the district, of which 6,586 patients have been cured and discharged. There are 2,603 active cases with 179 deaths in the district.","Sep 26, 2020
                            ,12:12 PM (IST),4 hours ago                            ",Mohali sees 6 more Covid deaths; toll reaches 179
"BJP president JP Nadda on Saturday announced a new team of partyâ€™s national office-bearers which has an element of continuity as well as change.,The list of eight general secretaries, crucial organisation position in the party as they are the link between the states and central leadership, has five new faces with Bhupender Yadav, Arun Singh and Kailash Vijayvargiya being retained.,However, Ram Madhav, P Muralidhar Rao, Saroj Pandey and Anil Jain have been replaced with new faces.,Punjabâ€™s Tarun Chugh wasÂ elevated to the post ofÂ General Secretary.,Chugh is the national secretary in the outgoing team. Another entry from the region isÂ Iqbal Singh Lalpura from Punjab, who was appointed as national spokesperson and Dr Narendra Singh from Jammu and Kashmir as the national Secretary.,Dushyant Kumar Gautam, D Purandareshwaei, CT Ravi, Tarun Chugh and Dilip Saikia are new choices as general secretaries.,Party MP Tejasvi Surya, a fiery speaker, has been made the president of the partyâ€™s youth wing in place of Poonam Mahajan.,The party has also expanded its list of spokespersons to 23, with MP Anil Baluni being elevated as the chief spokesperson and remaining its media head. â€” ","Sep 26, 2020
                            ,04:20 PM (IST),2 hours ago                            ",JP Nadda announces new team of BJPâ€™s national office-bearers
"Versatile singer, actor and musicÂ Â  composer S P Balasubrahmanyam hailed as ""singing moon"" and ""music cloud"" by his millions of fans was laid to rest at his farm house near here on Saturday with a 24-gun salute by Tamil Nadu police.,After the singer's son S P Charan performed the funeral rites amid Vedic chants by priests, 24 police personnel gave a gun salute and later the body was lowered into a deep pit and buried.,With policemen marching along, the body was brought on a bier to the designated burial spot from an enclosure earmarked for people to pay homage and perform rituals.,The farm house at Tamaraipakkam in nearby Tiruvallur district teemed with his fans, well-wishers and celebrities for the funeral and about 500 police personnel were deployed to regulate crowd.,The singer, praised as ""Padum Nila"" (singing moon) and ""Isai Megam"" (music cloud) by his fans for his mellifluous voice tested positive for coronavirus and admitted to MGM Healthcare here on August 5 and he died on Friday. PTI","Sep 26, 2020
                            ,11:26 AM (IST),4 hours ago                            ",SP Balasubrahmanyam laid to rest with state honours
"Dubai: Delhi Capitals beat Chennai Super Kings by 44 runs to register their second consecutive win in the Indian Premier League. Sent in to bat, DC made 175/3 as opener Prithvi Shaw smashed 64 off 43 balls. Shawâ€™s innings had nine fours and a six as he added 94 for the first wicket with Shikhar Dhawan (35 off 27 balls). DC then restricted CSK to 131/7, with Kagiso Rabada picking up three wickets. Faf du Plessis continued his scoring touch with a 43 as he climbed to the top of the seasonâ€™s scoring chart with 173 runs., Delhi Capitals 175/3 (Shaw 64, Pant 37, Dhawan 35; Chawla 2/33); Chennai Super Kings 131/7 (du Plessis 43; Rabada 3/26, Nortje 2/21). PTI,Kolkata vs Hyderabad,Star sports 7:30pm,Hamburg open,Sony six 5pm","Sep 26, 2020
                            ,07:15 AM (IST),10 hours ago                            ",Delhi Capitals beat CSK by 44 runs
"Economist Isher Judge Ahluwalia passed away at New her Delhi residence on Saturday morning after a long battle with high-grade cancer for months. She was 74.,She would have turned 75 on October 1.,The wife of India's leading economic policy driver, and former deputy chairman of the Planning Commission, Montek Singh Ahluwalia, Isher Judge carved her niche in the sector serving as the head of the Indian Council for Research on International Economic Affairs for 15 years.,Isher Judge stepped down as the chairperson of ICRIER on August 10, this year, on account of her poor health. She was elected as the Chairperson of the Council at the Annual General Meeting held on August 8, 2005.,Isherâ€”as she affectionately known to her friends and colleaguesâ€” however, continued as the Chairperson Emeritus of the Council. The position was created to honour her exceptional contributions to ICRIER.,Former Prime Minister Manmohan Singh, who turned 88 today, paid his condolences by visiting the Ahluwalia residence.,Punjab Chief Minister Captain Amarinder Singh was 'saddened' to hear the demise of Dr Isher Judge Ahluwalia.,""Saddened to learn of the passing aaway of Dr Isher Judge Ahluwalia, one of Indiaâ€™s most distinguished economists, and we had the privilege of having her as vice chairman of state planning board in my last term. Heartfelt condolences to Montek ji and their family in this hour of grief,â€ read the Chief Minister's tweet.,Saddened to learn of passing away of Dr Isher Judge Ahluwalia. She was one of Indiaâ€™s most distinguished economists & we had privilege of having her as Vice-Chairman of State Planning Board in my last term. Heartfelt condolences to Montek ji & their family in this hour of grief.,Isher Ahluwaliaâ€™s contribution to ICRIERâ€™s efforts to realise the ambitions of the councilâ€™s founders as an independent, high-quality think tank creating knowledge has been well documented.,During her farewell, the council on August 10, had said: ""Our mission got a boost when Isher became the Director and Chief Executive in 1998 and were further advanced when she assumed the position of Chair. Her outstanding leadership and deep commitment meant that ICRIER became synonymous with her and with the qualities of excellence, integrity and independence she embodies. It was during her tenure that ICRIER rose to be ranked as Indiaâ€™s best think tank in international economic policy and international development for years on and continues to occupy that preeminent position. In addition, ICRIER is known for the excellence of the quality of its research, particularly in areas like Agriculture, Trade Policy and Telecom.â€,Isher Judge is known to have curated and chaired the ICRIER-India Habitat Centre â€˜Conversations on Urbanisationâ€™ that became very successful and widely appreciated.,She was awarded the Padma Bhushan by President of India in 2009 for her services in the field of education and literature.,Courtesy her scholarship, ICRIERs research output continues to be regularly cited in the media, in journals, in Parliament and used by various Ministries and Departments that focus on policy formulation.,Some of ICRIERs research work is now being used as essential reading in universities in India and abroad.,â€œEntirely due to Isherâ€™s efforts, ICRIERâ€™s Endowment Fund was strengthened considerably and ICRIER acquired new office premises. She also built up an extremely distinguished Board of Governors at ICRIER, comprising the best of Entrepreneurs, Bureaucrats and Academicians, who are committed to building ICRIER into Indiaâ€™s foremost independent Research organization,â€ late Isher Judgeâ€™s associates recall.,Isher Judge was a recipient of PhD from MIT, MA from the Delhi School of Economics and BA (Hons) from Presidency College, Kolkata. Her work has focused on policy-oriented challenges facing the Indian economy in the areas of urbanisation, sustainable public service delivery, macroeconomic issues, and industrial growth and productivity.,She routinely participates in and contributes to international conferences both in India and abroad.,Isher Judge documented her extraordinary life â€“ including her childhood in West Bengal where her father was not interested in educating the girlsâ€”in a book â€œBreaking Throughâ€™â€™, that was launched earlier this year.","Sep 26, 2020
                            ,03:33 PM (IST),2 hours ago                            ","Economist Isher Judge Ahluwalia passes away at 74; Manmohan, Amarinder express condolences"
"The Centre on Saturday advanced paddy procurement in Haryana and Punjab due to the early arrival of paddy this year.,In its order issued today, the Ministry of Consumer Affairs, Food and Public Distribution has allowed procurement of paddy in the two states from today instead of the earlier announced schedule from October 1.,The order says that the step has been taken in view of early arrival of paddy this year.,The Kharif Marketing Season (KMS) 2020-21 for paddy /rice is already scheduled to commence in all the procuring states from October 1, 2020, and the state procuring agencies, including FCI, are in a state of readiness for smoothly undertaking procurement operations.,However, in view of early arrival of paddy in the â€˜mandisâ€™ of Haryana and Punjab, Government of India has approved the commencement of procurement operations for paddy/rice immediately in both these states from today i.e. with effect from 26th September, 2020 to ensure that farmers are facilitated in selling their produce at Minimum Support Price (MSP) expeditiously.,With the Central government allowing Haryana and Punjab to advance procurement of paddy by five days beginning it from Saturday instead of October 1 as announced earlier, the Haryana government has decided to begin purchase of the paddy already arrived in the grain markets from Sunday.,PK Das, Haryanaâ€™s Additional Chief Secretary for Food and Civil Supplies Department, said that the government agencies will purchase only the paddy crop which has already arrived in grain markets of the state on Sunday and Monday.,He said that from Tuesday onwards, regular procurement activities for paddy crop will begin.,Das clarified that paddy crop of only those farmers will be procured who have registered it on â€œMeri Fasal Mera Byoraâ€ portal.,He said that the state government had sought permission for advancing the procurement activities in view of early arrivals of the crop and the Centre has acceded to Haryanaâ€™s request.,Das said that the government procurement agencies were fully geared up for the procurement starting from tomorrow morning.Â ,The move is being seen in view of the ongoing strike of farmers against the three controversial agriculture Bills, as the biggest concern farmers have shown during their stir is that they would lose MSP once the new laws are implemented.,The state government has been maintaining that there would be no threat to the MSP.,The Centre, had, however, clarified that the period of milling of paddy would remain unchanged for Kharif Milling Season â€“ 2020-21.","Sep 26, 2020
                            ,01:52 PM (IST),4 hours ago                            ",MSP procurement of kharif paddy begins immediately in Punjab and Haryana: Centre
